SET SQL_MODE = "NO_AUTO_VALUE_ON_ZERO";
SET time_zone = "+00:00";

-- Database: `ntpws`
-- Table structure for table `drzave`


CREATE TABLE drzave (
  id INT(11) NOT NULL AUTO_INCREMENT PRIMARY KEY,
  drzavaKod VARCHAR(2) NOT NULL DEFAULT '',
  drzavaIme VARCHAR(100) NOT NULL DEFAULT ''
) ENGINE = MYISAM DEFAULT CHARSET = utf8;

--
-- Dumping data for table `drzave`
--

INSERT INTO drzave (id, drzavaKod, drzavaIme) VALUES
(1, 'AF', 'Afghanistan'),
(2, 'AL', 'Albania'),
(3, 'DZ', 'Algeria'),
(4, 'DS', 'American Samoa'),
(5, 'AD', 'Andorra'),
(6, 'AO', 'Angola'),
(7, 'AI', 'Anguilla'),
(8, 'AQ', 'Antarctica'),
(9, 'AG', 'Antigua and Barbuda'),
(10, 'AR', 'Argentina'),
(11, 'AM', 'Armenia'),
(12, 'AW', 'Aruba'),
(13, 'AU', 'Australia'),
(14, 'AT', 'Austria'),
(15, 'AZ', 'Azerbaijan'),
(16, 'BS', 'Bahamas'),
(17, 'BH', 'Bahrain'),
(18, 'BD', 'Bangladesh'),
(19, 'BB', 'Barbados'),
(20, 'BY', 'Belarus'),
(21, 'BE', 'Belgium'),
(22, 'BZ', 'Belize'),
(23, 'BJ', 'Benin'),
(24, 'BM', 'Bermuda'),
(25, 'BT', 'Bhutan'),
(26, 'BO', 'Bolivia'),
(27, 'BA', 'Bosnia and Herzegovina'),
(28, 'BW', 'Botswana'),
(29, 'BV', 'Bouvet Island'),
(30, 'BR', 'Brazil'),
(31, 'IO', 'British Indian Ocean Territory'),
(32, 'BN', 'Brunei Darussalam'),
(33, 'BG', 'Bulgaria'),
(34, 'BF', 'Burkina Faso'),
(35, 'BI', 'Burundi'),
(36, 'KH', 'Cambodia'),
(37, 'CM', 'Cameroon'),
(38, 'CA', 'Canada'),
(39, 'CV', 'Cape Verde'),
(40, 'KY', 'Cayman Islands'),
(41, 'CF', 'Central African Republic'),
(42, 'TD', 'Chad'),
(43, 'CL', 'Chile'),
(44, 'CN', 'China'),
(45, 'CX', 'Christmas Island'),
(46, 'CC', 'Cocos (Keeling) Islands'),
(47, 'CO', 'Colombia'),
(48, 'KM', 'Comoros'),
(49, 'CG', 'Congo'),
(50, 'CK', 'Cook Islands'),
(51, 'CR', 'Costa Rica'),
(52, 'HR', 'Croatia (Hrvatska)'),
(53, 'CU', 'Cuba'),
(54, 'CY', 'Cyprus'),
(55, 'CZ', 'Czech Republic'),
(56, 'DK', 'Denmark'),
(57, 'DJ', 'Djibouti'),
(58, 'DM', 'Dominica'),
(59, 'DO', 'Dominican Republic'),
(60, 'TP', 'East Timor'),
(61, 'EC', 'Ecuador'),
(62, 'EG', 'Egypt'),
(63, 'SV', 'El Salvador'),
(64, 'GQ', 'Equatorial Guinea'),
(65, 'ER', 'Eritrea'),
(66, 'EE', 'Estonia'),
(67, 'ET', 'Ethiopia'),
(68, 'FK', 'Falkland Islands (Malvinas)'),
(69, 'FO', 'Faroe Islands'),
(70, 'FJ', 'Fiji'),
(71, 'FI', 'Finland'),
(72, 'FR', 'France'),
(73, 'FX', 'France, Metropolitan'),
(74, 'GF', 'French Guiana'),
(75, 'PF', 'French Polynesia'),
(76, 'TF', 'French Southern Territories'),
(77, 'GA', 'Gabon'),
(78, 'GM', 'Gambia'),
(79, 'GE', 'Georgia'),
(80, 'DE', 'Germany'),
(81, 'GH', 'Ghana'),
(82, 'GI', 'Gibraltar'),
(83, 'GK', 'Guernsey'),
(84, 'GR', 'Greece'),
(85, 'GL', 'Greenland'),
(86, 'GD', 'Grenada'),
(87, 'GP', 'Guadeloupe'),
(88, 'GU', 'Guam'),
(89, 'GT', 'Guatemala'),
(90, 'GN', 'Guinea'),
(91, 'GW', 'Guinea-Bissau'),
(92, 'GY', 'Guyana'),
(93, 'HT', 'Haiti'),
(94, 'HM', 'Heard and Mc Donald Islands'),
(95, 'HN', 'Honduras'),
(96, 'HK', 'Hong Kong'),
(97, 'HU', 'Hungary'),
(98, 'IS', 'Iceland'),
(99, 'IN', 'India'),
(100, 'IM', 'Isle of Man'),
(101, 'ID', 'Indonesia'),
(102, 'IR', 'Iran (Islamic Republic of)'),
(103, 'IQ', 'Iraq'),
(104, 'IE', 'Ireland'),
(105, 'IL', 'Israel'),
(106, 'IT', 'Italy'),
(107, 'CI', 'Ivory Coast'),
(108, 'JE', 'Jersey'),
(109, 'JM', 'Jamaica'),
(110, 'JP', 'Japan'),
(111, 'JO', 'Jordan'),
(112, 'KZ', 'Kazakhstan'),
(113, 'KE', 'Kenya'),
(114, 'KI', 'Kiribati'),
(115, 'KP', 'Korea, Democratic People''s Republic of'),
(116, 'KR', 'Korea, Republic of'),
(117, 'XK', 'Kosovo'),
(118, 'KW', 'Kuwait'),
(119, 'KG', 'Kyrgyzstan'),
(120, 'LA', 'Lao People''s Democratic Republic'),
(121, 'LV', 'Latvia'),
(122, 'LB', 'Lebanon'),
(123, 'LS', 'Lesotho'),
(124, 'LR', 'Liberia'),
(125, 'LY', 'Libyan Arab Jamahiriya'),
(126, 'LI', 'Liechtenstein'),
(127, 'LT', 'Lithuania'),
(128, 'LU', 'Luxembourg'),
(129, 'MO', 'Macau'),
(130, 'MK', 'Macedonia'),
(131, 'MG', 'Madagascar'),
(132, 'MW', 'Malawi'),
(133, 'MY', 'Malaysia'),
(134, 'MV', 'Maldives'),
(135, 'ML', 'Mali'),
(136, 'MT', 'Malta'),
(137, 'MH', 'Marshall Islands'),
(138, 'MQ', 'Martinique'),
(139, 'MR', 'Mauritania'),
(140, 'MU', 'Mauritius'),
(141, 'TY', 'Mayotte'),
(142, 'MX', 'Mexico'),
(143, 'FM', 'Micronesia, Federated States of'),
(144, 'MD', 'Moldova, Republic of'),
(145, 'MC', 'Monaco'),
(146, 'MN', 'Mongolia'),
(147, 'ME', 'Montenegro'),
(148, 'MS', 'Montserrat'),
(149, 'MA', 'Morocco'),
(150, 'MZ', 'Mozambique'),
(151, 'MM', 'Myanmar'),
(152, 'NA', 'Namibia'),
(153, 'NR', 'Nauru'),
(154, 'NP', 'Nepal'),
(155, 'NL', 'Netherlands'),
(156, 'AN', 'Netherlands Antilles'),
(157, 'NC', 'New Caledonia'),
(158, 'NZ', 'New Zealand'),
(159, 'NI', 'Nicaragua'),
(160, 'NE', 'Niger'),
(161, 'NG', 'Nigeria'),
(162, 'NU', 'Niue'),
(163, 'NF', 'Norfolk Island'),
(164, 'MP', 'Northern Mariana Islands'),
(165, 'NO', 'Norway'),
(166, 'OM', 'Oman'),
(167, 'PK', 'Pakistan'),
(168, 'PW', 'Palau'),
(169, 'PS', 'Palestine'),
(170, 'PA', 'Panama'),
(171, 'PG', 'Papua New Guinea'),
(172, 'PY', 'Paraguay'),
(173, 'PE', 'Peru'),
(174, 'PH', 'Philippines'),
(175, 'PN', 'Pitcairn'),
(176, 'PL', 'Poland'),
(177, 'PT', 'Portugal'),
(178, 'PR', 'Puerto Rico'),
(179, 'QA', 'Qatar'),
(180, 'RE', 'Reunion'),
(181, 'RO', 'Romania'),
(182, 'RU', 'Russian Federation'),
(183, 'RW', 'Rwanda'),
(184, 'KN', 'Saint Kitts and Nevis'),
(185, 'LC', 'Saint Lucia'),
(186, 'VC', 'Saint Vincent and the Grenadines'),
(187, 'WS', 'Samoa'),
(188, 'SM', 'San Marino'),
(189, 'ST', 'Sao Tome and Principe'),
(190, 'SA', 'Saudi Arabia'),
(191, 'SN', 'Senegal'),
(192, 'RS', 'Serbia'),
(193, 'SC', 'Seychelles'),
(194, 'SL', 'Sierra Leone'),
(195, 'SG', 'Singapore'),
(196, 'SK', 'Slovakia'),
(197, 'SI', 'Slovenia'),
(198, 'SB', 'Solomon Islands'),
(199, 'SO', 'Somalia'),
(200, 'ZA', 'South Africa'),
(201, 'GS', 'South Georgia South Sandwich Islands'),
(202, 'ES', 'Spain'),
(203, 'LK', 'Sri Lanka'),
(204, 'SH', 'St. Helena'),
(205, 'PM', 'St. Pierre and Miquelon'),
(206, 'SD', 'Sudan'),
(207, 'SR', 'Suriname'),
(208, 'SJ', 'Svalbard and Jan Mayen Islands'),
(209, 'SZ', 'Swaziland'),
(210, 'SE', 'Sweden'),
(211, 'CH', 'Switzerland'),
(212, 'SY', 'Syrian Arab Republic'),
(213, 'TW', 'Taiwan'),
(214, 'TJ', 'Tajikistan'),
(215, 'TZ', 'Tanzania, United Republic of'),
(216, 'TH', 'Thailand'),
(217, 'TG', 'Togo'),
(218, 'TK', 'Tokelau'),
(219, 'TO', 'Tonga'),
(220, 'TT', 'Trinidad and Tobago'),
(221, 'TN', 'Tunisia'),
(222, 'TR', 'Turkey'),
(223, 'TM', 'Turkmenistan'),
(224, 'TC', 'Turks and Caicos Islands'),
(225, 'TV', 'Tuvalu'),
(226, 'UG', 'Uganda'),
(227, 'UA', 'Ukraine'),
(228, 'AE', 'United Arab Emirates'),
(229, 'GB', 'United Kingdom'),
(230, 'US', 'United States'),
(231, 'UM', 'United States minor outlying islands'),
(232, 'UY', 'Uruguay'),
(233, 'UZ', 'Uzbekistan'),
(234, 'VU', 'Vanuatu'),
(235, 'VA', 'Vatican City State'),
(236, 'VE', 'Venezuela'),
(237, 'VN', 'Vietnam'),
(238, 'VG', 'Virgin Islands (British)'),
(239, 'VI', 'Virgin Islands (U.S.)'),
(240, 'WF', 'Wallis and Futuna Islands'),
(241, 'EH', 'Western Sahara'),
(242, 'YE', 'Yemen'),
(243, 'ZR', 'Zaire'),
(244, 'ZM', 'Zambia'),
(245, 'ZW', 'Zimbabwe');

-- Table structure for table `korisnik`

CREATE TABLE korisnik (
	id INT(11) NOT NULL AUTO_INCREMENT PRIMARY KEY,
	ime VARCHAR(255) NOT NULL,
	prezime VARCHAR(255) NOT NULL,
	email VARCHAR(255) NOT NULL,
	korisnickoIme VARCHAR(255) NOT NULL,
	lozinka VARCHAR(255) NOT NULL,
	drzava CHAR(2) NOT NULL,
	grad VARCHAR(255) NOT NULL,
	ulica VARCHAR(255) NOT NULL,
	datumRodenja DATE NOT NULL,
	arhiva ENUM('Y', 'N') NOT NULL DEFAULT 'N',
	odobren ENUM('Y', 'N') NOT NULL DEFAULT 'N',
	id_role INT(1) DEFAULT '3',
	KEY fk_role_korisnik(id_role), 
	CONSTRAINT fk_role_korisnik FOREIGN KEY (id_role)
	REFERENCES ROLE(id) ON DELETE NO ACTION ON UPDATE NO ACTION
) ENGINE = INNODB DEFAULT CHARSET = cp1250;

INSERT INTO korisnik (ime, prezime, email, korisnickoIme, lozinka, drzava, grad, ulica, datumRodenja, arhiva, odobren, id_role) VALUES
('Marica', 'Sokolić', 'msokolic@tvz.hr', 'msokolic', '$2y$12$2qmKODsr43RQ6VxeinxPau4xkm92uAnRwQg0prd7hk/I45OwHw3/6', 'HR', 'Zagreb', 'Zagrebačka', '1999-05-10', 'N', 'Y', 1),
('Matija', 'Horvat', 'mhorvat@tvz.hr', 'mhorvat', '$2y$12$IS9dTzrecgDysIXS7jrHCOukXmfLPSDbFV.PoiosLX7EUUdaRdxyS', 'HR', 'Zagreb', 'Zagrebačka', '2000-06-15', 'Y', 'Y', 3),
('Ana', 'Anić', 'aanic@tvz.hr', 'aanic', '$2y$12$Ma.sdpbJcGLLv2WR5dBtRu3KmN2T9j4FDVlFFbWb3UR8lY3YxBS3e', 'HR', 'Zagreb', 'Zagrebačka', '2005-12-15', 'N', 'N', 2);

CREATE TABLE `role`(
	id INT(1) NOT NULL PRIMARY KEY,
	naziv VARCHAR(20) NOT NULL
)ENGINE = INNODB DEFAULT CHARSET = cp1250;

INSERT INTO ROLE(id, naziv) VALUES 
(1, 'administrator'), 
(2, 'editor'),
(3, 'user');

-- Table structure for table `novosti`

CREATE TABLE novosti (
  id INT(11) NOT NULL AUTO_INCREMENT PRIMARY KEY,
  naslov VARCHAR(255) NOT NULL,
  opis TEXT NOT NULL,
  datum TIMESTAMP NOT NULL DEFAULT CURRENT_TIMESTAMP ON UPDATE CURRENT_TIMESTAMP,
  arhiva ENUM('Y','N') NOT NULL,
  odobreno ENUM('Y','N') NOT NULL DEFAULT 'Y'
) ENGINE = INNODB DEFAULT CHARSET = cp1250;

-- Table structure for table `slike`
CREATE TABLE slike (
	id INT(11) NOT NULL AUTO_INCREMENT PRIMARY KEY,
	naziv VARCHAR(255) NOT NULL,
	opis VARCHAR(255) NOT NULL,
	id_novosti INT(11) NOT NULL,
	KEY fk_slike_novosti(id_novosti), 
	CONSTRAINT fk_slike_novosti FOREIGN KEY (id_novosti)
	REFERENCES novosti(id) ON DELETE NO ACTION ON UPDATE NO ACTION
)ENGINE = INNODB DEFAULT CHARSET = cp1250;

-- Dumping data for table `novosti`

INSERT INTO novosti (id, naslov, opis, datum, arhiva) VALUES
(1, 'Nova hit lokacija u Zagrebu: The Pub Hall', 'Kod fotkanja interijera bitno je prenijeti atmosferu prostora i pokušati preslikati osjećaj kao da ste uistinu tamo. U Zagrebu i okolici je ugostiteljska ponuda sve bogatija. svako malo pojavi se neko novo i kreativno mjesto, a evo sada još jedno na toj listi. Nije novo, već je postojao ovaj prostor i dobar dio uređenja, ali će sigurno biti veliko osvježenje. Kroz Školicu za mladence često sam objašnjavao koliko je važna sala u kojoj će se održati vjenčanje i zato mi je bilo posebno drago što sam imao priliku fotografirati interijer za zagrebački The Pub Hall. Poslom koji sam napravio bili su zadovoljni i njegovi vlasnici, što mi je uvijek veliki kompliment. Prostor se nalazi u blizini popularnog The Movie Puba i bit će istinski hit za sve koji u njemu žele održati neku vrstu zabave ili svečanosti. Svi oni koji traže nešto drugačije, to će sigurno i pronaći ovdje. Upravo zato mi je bilo izazovno kroz fotografije prikazati upravo takvu atmosferu, da već na prvi pogled zainteresirani znaju da je to pravo mjesto za njih. Tako nešto nije lako postići, ali kad je interijer na ovakvoj razini, posao je lakši. Veselim se što bih u budućnosti mogao imati priliku fotografirati vjenčanja na ovom mjestu, kao što bi se tome veselio i svaki drugi profesionalni fotograf.', '2022-10-18 12:22:35', 'N'),
(2, 'Ovako se to radi. Zabranjeno pušenje oduševilo zagrebačku publiku!', 'Imao sam čast biti službeni fotograf na velikom zagrebačkom koncertu legendarnog benda. Uživao sam! Od koncerta Zabranjenog pušenja u zagrebačkoj Hali prošlo je nekoliko dana, a meni se dojmovi još uvijek nisu u potpunosti slegli. Naime, trosatni koncert koji je bend predvođen Sejom Sexonom i ekipom priredio bio je fantastičan. Ok, sigurno sam subjektivan po tom pitanju, obzirom da mi je to najdraži bend i bend koji je, usudim se reći, formirao i mene kao osobu. Međutim, kada se pogledaju reakcije publike, onda nekako i ispada da nisam subjektivan jer su svi pjevali, plesali, skakali. Bilo je baš fantastično. Uz dva bisa su vjerojatno svi i bili zadovoljni, iako da je koncert trajao i šest sati, vjerojatno ne bi svi hitovi ni bili izvedeni obzirom na bogat repertoar benda. Meni je bilo fantastično jer sam dobio poziv da budem službeni fotograf. Što reći? Znate kako to ide, svatko od nas koji obožava neki bend sve te članove benda gleda kao neka mitska bića. Legende. Misliš si da su oni iz neke druge dimenzije, a onda ti se otvori prilika da ih i upoznaš. Nije mi ovo prvi put da fotkam za bend, imam već koncerata iza sebe, čak i iz Beograda i Sarajeva, ali je svaki put fantastično! Iskreno i ne pamtim kada sam zadnji put fotkao neki normalan koncert, tako da je ovo ujedno bio velik izazov i odgovornost. Moram priznati da sam jako zadovoljan materijalom koji sam dobio, a ovdje sam odabrao pedesetak fotki. Bio je to mukotrpan izbor obzirom da sam ih isporučio dvjestotinjak.', '2022-10-04 12:25:40', 'N'),
(3, 'Vision Partners – klijent i session za poželjeti!', 'Sjajna ekipa sa 16. kata hotela Westin željela je svega par fotki, ali se skupilo puno materijala. Poslovni session i promotivno fotografiranje uvijek izazovu zadovoljstvo kod mene jer ima jasno određene standarde, kriteriji su na visokoj razini, ali uvijek ima i prostora za kreativnošću. Klijent, u ovom slučaju Vision Partners, to je prepoznao i konačni rezultat je ispao odličan! Naravno, odmah sam sretniji kad vidim da je klijent sretan i zadovoljan. Plan fotografiranja bio je predstaviti ljude iza uspješne zagrebačke kompanije za consulting, ali i njihov novi luksuzni ured u hotelu Westin, na njegovom 16. katu.', '2022-10-03 10:00:00', 'N'),
(4, 'Uz modela kao što je Luka, krštenje je prošlo savršeno!', 'Bez ijedne suze ili negodovanja, ponos Maje i Ivana, strpljivo je pozirao pred mojim objektivom. Luka je bio “model za krštenje” kakvog bi bilo koji fotograf poželio jer ni u jednom trenutku nije zaplakao i čak je kompletno poziranje odradio poput pravog malog profesionalca. Svaka čast! Naravno, to mi je olakšalo posao koji ionako obožavam i nisam mogao sakriti osmijeh s lica kad sam vidio koliko su roditelji zadovoljni poslom koji sam napravio. A dao sam si truda, kao i svaki put, jer znam koliko je važno u životima obitelji imati savršene uspomene za jedan ovako velik događaj. Krštenje se odvilo u zagrebačkoj Župi Svete Obitelji, a iako je rujan već počeo, vrijeme je bilo za poželjeti! Sunčano, toplo, prepuno veselih boja. Idealno za fotografiranje! Roditelji Maja i Ivan, kao i kum Mile, bili su iznimno strpljivi, raspoloženi i spremni za poziranje kako bi ovjekovječili predivan im dan. A kao što sam i napisao, tromjesečni Luka tijekom cijelog događaja bio je pravi model. Nakon ceremonijalnog dijela, obitelj i gosti zaputili su se u restoran Lido na zagrebačkom Jarunu, gdje je nastalo još sjajnih fotografija za uspomenu. Roditelji su odlučili napraviti i book s krštenja, a to će tek biti odlično za prolistati, jer kada je fotografija na papiru, to poprimi neku sasvim drugu dimenziju.', '2022-09-27 12:00:10', 'N'),
(5, 'Došao. Guštao. Fotkao. Događaj koji bi svaki fotograf trebao posjetiti.', 'Ovo je možda i najvažniji događaj za sve nas fotografe kada su u pitanju druženja s kolegama i fotkanja. Jezero Orešje u Svetoj Nedelji bilo je okupljalište brojnih fotografa, modela, sportaša,… Povod je bilo jubilarno 10. FotOOko. Manifestacija je to na koju ne treba trošiti riječi, gotovo da i nema fotografa u Hrvatskoj koji ne zna za Klikovce i njihov glavni događaj. Za ovogodišnje izdanje su se jako potrudili, tako da su bili kuburaši, paraglideri, judaši, oldtimeri, makete vlaka, autići na daljinski, biciklisti, motoristi, razna predavanja… Čak je i ekipa iz Čakovca donijela veliku cameru obscuru, biti unutar nje i gledati kako nastaje fotografija vrhunsko je iskustvo. Sve što treba jednom fotografu, pa i više od toga, moglo se pronaći na FotOOku. Zbog ove fotke dolje mi je čak i tenisica ostala u jezeru koje je bilo dobrim dijelom isušeno od vrućina, a trebalo je paziti gdje se staje (amater sam pa ne nosim čizme/rezervne tenisice), ali je kolegica sve spasila i nekako je iščupala. I kada gledam fotku, jedno je sigurno – vrijedilo je. Cijeli je događaj počeo u 10 ujutro s prijavama sudionika, poslije je uslijedila zajednička fotka. Nažalost ja sam tek došao oko 14.00 sati. Mislim koliko je nažalost, toliko i nije obzirom da je to bilo taman vrijeme ručka. U petak sam imao vjenčanje, pa u subotu krštenje i poslije vjenčanje i onda sam jedva čekao ovo druženje i fotkanje, ali je u međuvremenu uslijedio još jedan angažman tako da nisam stigao prije. Najviše mi je žao zbog fotki kuburaša i ekipe koja je vozila motore.', '2022-09-19 13:45:51', 'N');

-- Dumping data for table `slike`
INSERT INTO slike (naziv, opis, id_novosti) VALUES
('n1.jpg', 'The Pub Hall', 1),
('n1.1.jpg', 'stol', 1),
('n1.2.jpg', 'prostor', 1),
('n1.3.jpg', 'prostor', 1),
('n1.4.jpg', 'prostor', 1),
('n2.jpg', 'Zabranjeno pušenje', 2),
('n2.1.jpg', 'hala', 2),
('n2.2.jpg', 'hala - znak', 2),
('n2.3.jpg', 'bend', 2),
('n2.4.jpg', 'bend', 2),
('n3.jpg', 'poslovni session', 3),
('n3.1.jpg', 'Dejan Ljuština - CEO', 3),
('n3.2.jpg', 'zaposlenici', 3),
('n3.3.jpg', 'pogled iz ureda', 3),
('n3.4.jpg', 'atmosfera', 3),
('n4.jpg', 'krštenje', 4),
('n4.1.jpg', 'roditelji i Luka', 4),
('n4.2.jpg', 'majka Maja i Luka', 4),
('n4.3.jpg', 'crkva', 4),
('n4.4.jpg', 'obitelj', 4),
('n5.jpg', 'Fotooko', 5),
('n5.1.jpg', 'model u jezeru', 5),
('n5.2.jpg', 'akrobacije na biciklu', 5),
('n5.3.jpg', 'judo', 5),
('n5.4.jpg', 'paraglajder', 5);